-- phpMyAdmin SQL Dump
-- version 4.8.5
-- https://www.phpmyadmin.net/
--
-- Servidor: 127.0.0.1
-- Tiempo de generación: 29-08-2019 a las 12:09:57
-- Versión del servidor: 10.1.38-MariaDB
-- Versión de PHP: 7.3.4

DROP DATABASE IF EXISTS dicegame ;
CREATE DATABASE IF NOT EXISTS borrar CHARACTER SET utf8 COLLATE utf8_general_ci;
USE dicegame;

SET GLOBAL time_zone = '+2:00';
SET SQL_MODE = "NO_AUTO_VALUE_ON_ZERO";
SET AUTOCOMMIT = 0;
START TRANSACTION;
SET time_zone = "+02:00";


/*!40101 SET @OLD_CHARACTER_SET_CLIENT=@@CHARACTER_SET_CLIENT */;
/*!40101 SET @OLD_CHARACTER_SET_RESULTS=@@CHARACTER_SET_RESULTS */;
/*!40101 SET @OLD_COLLATION_CONNECTION=@@COLLATION_CONNECTION */;
/*!40101 SET NAMES utf8mb4 */;

--
-- Base de datos: `dicegame`
--

-- --------------------------------------------------------

--
-- Estructura de tabla para la tabla `diceresult`
--

CREATE TABLE `diceresult` (
  `idresult` binary(16) NOT NULL,
  `result` int(11) NOT NULL,
  `idgame` binary(16) DEFAULT NULL
) ENGINE=InnoDB DEFAULT CHARSET=utf8;

--
-- Volcado de datos para la tabla `diceresult`
--

INSERT INTO `diceresult` (`idresult`, `result`, `idgame`) VALUES
(0x00ef24e1711e4f66a80165dc98bdfc5f, 3, 0xdce9dc6a664e447ea1aecaa95d0b3d99),
(0x012d808efbe143f6a64514536647ac3a, 2, 0x3754e7905a13447ba7882818d93fdd02),
(0x02e9503dd23c468ba325d24f3aa03ddf, 1, 0x4b8f6d67612a4bb7a7a3c956723edff8),
(0x03666c471d284174889a08627c192ce0, 3, 0xb2440a3e89cb48a9ae9f4179e9b9a734),
(0x0479c45f17334b769922575b0869ab09, 4, 0xca9e0638432746f49a5c438bdfe81630),
(0x09d8e0d86c7c4d8ebb13e9836cda9f3b, 5, 0x82019b9f41114a82b226892f6df4c03a),
(0x0ac7d2add3ac4f6dab5c36b5e39a0516, 4, 0xf3fcd9f0476c42c0839ccb061bdad3a8),
(0x0cdfe2bdbb0e47ca993b9adab7a987c3, 1, 0x7a280d2e73e3441f8a04c4ae4b562d97),
(0x0f180607fcaa4c3eb6416d12cbe77c8c, 2, 0x17ee84e9feaf453e96fbfdfbf7002bed),
(0x113b59781ef242a09eaac3025242cb2c, 5, 0xdce9dc6a664e447ea1aecaa95d0b3d99),
(0x17e34795c6dd4709b9b8218827c116c4, 2, 0xee65c8e604664d11a35b7aa397ecf5e1),
(0x185240cf8c034517b902f2e70b80e2bc, 1, 0xf3fcd9f0476c42c0839ccb061bdad3a8),
(0x1b8b6f6b38144fbbac8049064ad691ef, 5, 0xe171b00ded3744ad87c80e969ef94558),
(0x1fe75f054e98430197bcbdd95a5a64ae, 3, 0x17ee84e9feaf453e96fbfdfbf7002bed),
(0x2339c63fd62e474880b3befbc891f8b4, 5, 0x4147fe11be404077af43d38b721f4b92),
(0x253ee7b9bb894f19a226fe18b025982e, 1, 0x7d5d2dd9d8c74a7b8800119d522546d8),
(0x26c27e6032fc404482e30a46e99023a2, 2, 0x06f35caa5f274dc6b8d9a40cf7662cdc),
(0x2945521c5f3446e9b30aaed0da4a249b, 3, 0x4e34eb05f6cc4a598505ada6fa5e8627),
(0x2999254928da4e1fbb4bcf2ac4aa1051, 2, 0xc700fc15f7164e3a973c64bb7b0649f4),
(0x2eb0e68ac0b04305bdce002e8f291a0e, 6, 0xe171b00ded3744ad87c80e969ef94558),
(0x321607704093457a953980c9b5b0bca3, 3, 0x289385a0476d496fb1a37f3e1da1739e),
(0x323cb24a48b14695983394ca777e227b, 1, 0xe24d516111a94f778554e620130a24be),
(0x327a13cd7c0c45508ee3a53269110efe, 4, 0x3754e7905a13447ba7882818d93fdd02),
(0x33f1bc9333c74315b09f5d78fd7d047d, 6, 0xe6a09832d7ff424699fa6122b0bdabfc),
(0x3787bf98798147a59905a0d70be40176, 4, 0xd35eec0e241744ec977619be4d84a71d),
(0x390b6f56bae940a29708b754bf739b4c, 1, 0xf3fcd9f0476c42c0839ccb061bdad3a8),
(0x3a18969748cf4996b2839f4b3a3c1241, 6, 0x45bf9ca33dd5460fbaa9118f0e268cea),
(0x3ef707e8afef4d8ba07ae820c7246521, 3, 0x4e34eb05f6cc4a598505ada6fa5e8627),
(0x446d0ec70dc7456ebbb9831a7dcb5aae, 6, 0xe171b00ded3744ad87c80e969ef94558),
(0x45e12537e9384798a2d3325db11d6bb5, 4, 0x243f5e7368d54b23ac8c99497fd3c031),
(0x4667ab2a17494dd4a4510ea95ba01e94, 2, 0x4f76705567c74be7baf9e988e09e399d),
(0x47a6e52b76b940be85ccdbf60319ee89, 4, 0x243f5e7368d54b23ac8c99497fd3c031),
(0x49c93831f7834286856bcc62d07a9e00, 6, 0x37be3a325ccf439e850046a70f2cc5ab),
(0x4b60131e1c974f429be90b2023a89f70, 4, 0x4a88273c32214295ad36f07a9fca835e),
(0x4c75aee647034cacba18c3a8bbc35adf, 6, 0xc84089beccca44139cea83cfacd68a82),
(0x4d95478ea266485e934cc53b2f4af531, 1, 0x9b6ab729786a4f5e96957266b2c147b5),
(0x4e0b4f177ae84c9a8c55eaccb9c25f67, 4, 0x4e34eb05f6cc4a598505ada6fa5e8627),
(0x4f0509f236da4eac9ef80fdb7b8fc970, 4, 0xd50fbda217594ceebe1a0ca90e3a45b5),
(0x523a8ef3eca84aebb09529a61417e4ec, 4, 0x243f5e7368d54b23ac8c99497fd3c031),
(0x53e65c9fc75b49ecb778e340d72807cd, 2, 0x4147fe11be404077af43d38b721f4b92),
(0x547618c815c54051b5bcec7960e86f8c, 1, 0x7a280d2e73e3441f8a04c4ae4b562d97),
(0x56a9ecc409ce4afb9c5b0cbb0a7a4adb, 6, 0x4e34eb05f6cc4a598505ada6fa5e8627),
(0x5a2a2c8081be4c84b8e85dd3f267f388, 2, 0x7ea9fa9a2b7a42d6b9a07f1490e7101f),
(0x5b9db663231647659fb595fe05ac686e, 1, 0x1c61cb141d724f128a1783dffa832975),
(0x5d6c1524f11649f5aa6c026d7befecbc, 2, 0x082c2ed0a3b9493fa6c6d83362402e41),
(0x5d7883ca396046649f318df704e78014, 5, 0xb2440a3e89cb48a9ae9f4179e9b9a734),
(0x5e7c4ed5590e4ace9e60cc612a172302, 4, 0x3754e7905a13447ba7882818d93fdd02),
(0x627ee4e43c1e4cb982d424c7db527016, 1, 0x37be3a325ccf439e850046a70f2cc5ab),
(0x6383cf9daaa049fb83d6be0570c944a4, 3, 0xd837798c9f05421a9baefd62f55a40c6),
(0x64e10a25e3e74898aa6d637016af3ebb, 1, 0x7ea9fa9a2b7a42d6b9a07f1490e7101f),
(0x67e58734fd6346718ebb4cf4253c9a52, 2, 0x17ee84e9feaf453e96fbfdfbf7002bed),
(0x6a103ca62aec4c0eb58e60e31648c682, 5, 0x3754e7905a13447ba7882818d93fdd02),
(0x71d10a923c7440ce8e42f0ff89fbc3c0, 3, 0x289385a0476d496fb1a37f3e1da1739e),
(0x734694336116428ca8fd958c87bf7668, 4, 0x82019b9f41114a82b226892f6df4c03a),
(0x737fd7b4b97142ae840e2c41fc001ba7, 1, 0xe0b0e90ff5374c78ba24534c8af9f92c),
(0x76ccaf8838eb4ba3bf6537a1fdb342ce, 4, 0x50de83fe16424d89ad15bc022fc638c1),
(0x78710a0ef2e84965a2d4ca8dd983c81e, 2, 0x92aed0129b18409cbf0c4e93cc197eda),
(0x794bf8b818434a6991008e06b04ea676, 5, 0x4a88273c32214295ad36f07a9fca835e),
(0x7996604f6d0248beb666eb9dc96246ef, 1, 0x60925ebc42cf46dd82ece00af5c70dcc),
(0x7b97a877b8214f828f9c41d35dc453b2, 6, 0x70b1e1a7b98b475e8f64633f263a5b5d),
(0x80f11e243c47498f94778598a42169be, 2, 0xb30c501d26054cb0ba8aaf35c3836adb),
(0x82f70e8167c843ed9c165ef0854a6780, 1, 0x50de83fe16424d89ad15bc022fc638c1),
(0x890fa365ad8b4e8f886b063b6c1399af, 4, 0x70b1e1a7b98b475e8f64633f263a5b5d),
(0x8b278964d6584f70be5a1d7d6262765b, 1, 0xc84089beccca44139cea83cfacd68a82),
(0x8cbe5d87bc7b4c67b628a160b19c5768, 6, 0x4e34eb05f6cc4a598505ada6fa5e8627),
(0x8ed61cfd1f504608adb57c30fa41c0ef, 3, 0x1c61cb141d724f128a1783dffa832975),
(0x90704f94e9a24c3a8ebeca4e8f89f5a5, 2, 0xe171b00ded3744ad87c80e969ef94558),
(0x907e86d05e5d4f08bb42cf9e96c8993d, 3, 0x17ee84e9feaf453e96fbfdfbf7002bed),
(0x976ef34efab045579c7f2106b59fc292, 4, 0x45bf9ca33dd5460fbaa9118f0e268cea),
(0x9ec0b18aba744ed9977100cc4099f817, 5, 0x4b8f6d67612a4bb7a7a3c956723edff8),
(0xa02a21cb47e2471ca44e63ef531c4722, 2, 0xf3fcd9f0476c42c0839ccb061bdad3a8),
(0xa10b3db4a406413b901cad78f4d1266e, 1, 0x06f35caa5f274dc6b8d9a40cf7662cdc),
(0xa1af48c4adfc408ca8f26dc00e3212b0, 3, 0x38b52db2522c4eafa4cea6c7d0604a52),
(0xa35b1b5eaaf64a43a1dd53debe1094ca, 4, 0x7d5d2dd9d8c74a7b8800119d522546d8),
(0xa6813459a18344ecbe85e8066da8664c, 3, 0x243f5e7368d54b23ac8c99497fd3c031),
(0xaaea17f451be4dac81ffc7b559214aa4, 1, 0xe171b00ded3744ad87c80e969ef94558),
(0xb17f5fc8ae9249909ce159d81730bf75, 3, 0x7820ba9f8da74b0fb250b126302ecaf3),
(0xb2341b3e578f4959948efb86aa19c980, 1, 0x60925ebc42cf46dd82ece00af5c70dcc),
(0xb30f405410d4498c837dac16fcfa898a, 3, 0xd50fbda217594ceebe1a0ca90e3a45b5),
(0xb671c33d6b7d4d16a6676cecca6a8c8f, 1, 0x082c2ed0a3b9493fa6c6d83362402e41),
(0xb9f39e805cf54f07bee330262926b824, 3, 0xb30c501d26054cb0ba8aaf35c3836adb),
(0xbafa6749fb594db48225b5098de59833, 4, 0x92aed0129b18409cbf0c4e93cc197eda),
(0xbbf80511d5c44b7eae5455a891bb7e50, 1, 0xee65c8e604664d11a35b7aa397ecf5e1),
(0xbdb624cfe5b44e1f8fb1a222f4ccf607, 6, 0x3754e7905a13447ba7882818d93fdd02),
(0xbe36a81083714c9d8318331500a356ff, 1, 0x7820ba9f8da74b0fb250b126302ecaf3),
(0xc249925fde2846b8a7152118049d481b, 6, 0x4f76705567c74be7baf9e988e09e399d),
(0xc489de7f2b204ccca14b9272b7f44821, 1, 0xd29328d8f459488b8e2944cd65b3021e),
(0xc5606740306b41888aeb21fc3fb1dce0, 5, 0x243f5e7368d54b23ac8c99497fd3c031),
(0xc616bc5beeeb42f691945b6b795ef7da, 2, 0x9b6ab729786a4f5e96957266b2c147b5),
(0xc6c50d24fe324cf994d4c68d707ba77f, 3, 0x9ac963ce0e984cf3a3b4bfc3464ee3c6),
(0xcd91d6465298453f8790474844e08f08, 5, 0x17ee84e9feaf453e96fbfdfbf7002bed),
(0xd1f99f66a88c4f89a800c931e3cc2cb2, 6, 0xf3fcd9f0476c42c0839ccb061bdad3a8),
(0xd2c94761b5e34ae2aa3e01e35920ef25, 3, 0x4e34eb05f6cc4a598505ada6fa5e8627),
(0xd477a86da3a0444b964d92cbd5d50936, 3, 0x243f5e7368d54b23ac8c99497fd3c031),
(0xd8cd4ce2c84546628ac0bbfba0d3157f, 1, 0x9ac963ce0e984cf3a3b4bfc3464ee3c6),
(0xd8e6232290a84be2b7d0ce0ce724c9f6, 4, 0xfe6dece384c346f0a8b2c089a6865f35),
(0xd9bc2f4202fd4996b504f2416d33b8f5, 6, 0xda79996683bc4c1c81b1147202983ce8),
(0xda709ec9249d4c438c7f5d17ce5d9444, 6, 0x3754e7905a13447ba7882818d93fdd02),
(0xdb00ef45f6d04776abc97d0ea1a9cdab, 6, 0xe6a09832d7ff424699fa6122b0bdabfc),
(0xdece86a720bc47f6aa825dc1f1018ef1, 2, 0xd29328d8f459488b8e2944cd65b3021e),
(0xe1a9cd74bf0641b7b07ef65d12c1ed8d, 2, 0xc700fc15f7164e3a973c64bb7b0649f4),
(0xe264b0898412414e8aea3e44cfb7c00a, 1, 0xe171b00ded3744ad87c80e969ef94558),
(0xea1c2d3b16e54317b9882ed28299dc14, 1, 0xca9e0638432746f49a5c438bdfe81630),
(0xea88a0c0985844fca9be3a764ca6ad59, 1, 0x38b52db2522c4eafa4cea6c7d0604a52),
(0xf1a645a6bcb74688ba96b8e96ddbb30f, 4, 0xe0b0e90ff5374c78ba24534c8af9f92c),
(0xf1e742de5e0c464c99e60971729d4d08, 6, 0x17ee84e9feaf453e96fbfdfbf7002bed),
(0xf2cb02f8408d469db6767f12d572cb93, 3, 0xf3fcd9f0476c42c0839ccb061bdad3a8),
(0xf61aa674672c4d5997692a82599b9cd9, 2, 0xe24d516111a94f778554e620130a24be),
(0xf6a126628d984c2b81087f181272afc6, 3, 0x082a46c00bf9402ea00ec895fa091c55),
(0xf7ca8d88816b40dea2f44aa3f1f3da6a, 2, 0xd837798c9f05421a9baefd62f55a40c6),
(0xf827e552b7264afb8b71808a4d1752ce, 5, 0x082a46c00bf9402ea00ec895fa091c55),
(0xfb26217d69a9413c9bcc09a55ecc2d39, 2, 0xda79996683bc4c1c81b1147202983ce8),
(0xfda0fd8b184a4d7b972b36f72b2b2031, 3, 0xd35eec0e241744ec977619be4d84a71d),
(0xfe7afc40cfd2419597ddfd4cf40e25b2, 6, 0xfe6dece384c346f0a8b2c089a6865f35);

-- --------------------------------------------------------

--
-- Estructura de tabla para la tabla `game`
--

CREATE TABLE `game` (
  `idgame` binary(16) NOT NULL,
  `anonim` tinyint(1) NOT NULL DEFAULT '0',
  `winner` tinyint(1) NOT NULL DEFAULT '0',
  `idplayer` binary(16) DEFAULT NULL
) ENGINE=InnoDB DEFAULT CHARSET=utf8;

--
-- Volcado de datos para la tabla `game`
--

INSERT INTO `game` (`idgame`, `anonim`, `deleted`, `winner`, `idplayer`) VALUES
(0x06f35caa5f274dc6b8d9a40cf7662cdc, 0, 0, 0, 0x662213d6b5764ec68b7479f614606b05),
(0x082a46c00bf9402ea00ec895fa091c55, 0, 0, 0, 0xf8c32e9299e84f0b9b58658b4aef32af),
(0x082c2ed0a3b9493fa6c6d83362402e41, 0, 0, 0, 0x1edcda4c04c9494e97a892144ef35e27),
(0x17ee84e9feaf453e96fbfdfbf7002bed, 0, 0, 0, 0x1edcda4c04c9494e97a892144ef35e27),
(0x1c61cb141d724f128a1783dffa832975, 0, 0, 0, 0x248e75fa3f1f4fb6879e727a9442b530),
(0x243f5e7368d54b23ac8c99497fd3c031, 0, 0, 0, 0x1edcda4c04c9494e97a892144ef35e27),
(0x289385a0476d496fb1a37f3e1da1739e, 0, 0, 0, 0xf8c32e9299e84f0b9b58658b4aef32af),
(0x3754e7905a13447ba7882818d93fdd02, 0, 0, 0, 0x1edcda4c04c9494e97a892144ef35e27),
(0x37be3a325ccf439e850046a70f2cc5ab, 0, 0, 1, 0x6b918badd95f4fca823b0634f3bf3a22),
(0x38b52db2522c4eafa4cea6c7d0604a52, 0, 0, 0, 0x662213d6b5764ec68b7479f614606b05),
(0x4147fe11be404077af43d38b721f4b92, 0, 0, 1, 0x662213d6b5764ec68b7479f614606b05),
(0x45bf9ca33dd5460fbaa9118f0e268cea, 0, 0, 0, 0x662213d6b5764ec68b7479f614606b05),
(0x4a88273c32214295ad36f07a9fca835e, 0, 0, 0, 0xf8c32e9299e84f0b9b58658b4aef32af),
(0x4b8f6d67612a4bb7a7a3c956723edff8, 0, 0, 0, 0x6b918badd95f4fca823b0634f3bf3a22),
(0x4e34eb05f6cc4a598505ada6fa5e8627, 0, 0, 0, 0x1edcda4c04c9494e97a892144ef35e27),
(0x4f76705567c74be7baf9e988e09e399d, 0, 0, 0, 0x1edcda4c04c9494e97a892144ef35e27),
(0x50de83fe16424d89ad15bc022fc638c1, 0, 0, 0, 0x6b918badd95f4fca823b0634f3bf3a22),
(0x60925ebc42cf46dd82ece00af5c70dcc, 0, 0, 0, 0x662213d6b5764ec68b7479f614606b05),
(0x70b1e1a7b98b475e8f64633f263a5b5d, 0, 0, 0, 0xf8c32e9299e84f0b9b58658b4aef32af),
(0x7820ba9f8da74b0fb250b126302ecaf3, 0, 0, 0, 0x662213d6b5764ec68b7479f614606b05),
(0x7a280d2e73e3441f8a04c4ae4b562d97, 0, 0, 0, 0x6b918badd95f4fca823b0634f3bf3a22),
(0x7d5d2dd9d8c74a7b8800119d522546d8, 0, 0, 0, 0xf8c32e9299e84f0b9b58658b4aef32af),
(0x7ea9fa9a2b7a42d6b9a07f1490e7101f, 0, 0, 0, 0x662213d6b5764ec68b7479f614606b05),
(0x82019b9f41114a82b226892f6df4c03a, 0, 0, 0, 0x1edcda4c04c9494e97a892144ef35e27),
(0x92aed0129b18409cbf0c4e93cc197eda, 0, 0, 0, 0xf8c32e9299e84f0b9b58658b4aef32af),
(0x9ac963ce0e984cf3a3b4bfc3464ee3c6, 0, 0, 0, 0x1edcda4c04c9494e97a892144ef35e27),
(0x9b6ab729786a4f5e96957266b2c147b5, 0, 0, 0, 0x662213d6b5764ec68b7479f614606b05),
(0xb2440a3e89cb48a9ae9f4179e9b9a734, 0, 0, 0, 0x6b918badd95f4fca823b0634f3bf3a22),
(0xb30c501d26054cb0ba8aaf35c3836adb, 0, 0, 0, 0x662213d6b5764ec68b7479f614606b05),
(0xc700fc15f7164e3a973c64bb7b0649f4, 0, 0, 0, 0xf8c32e9299e84f0b9b58658b4aef32af),
(0xc84089beccca44139cea83cfacd68a82, 0, 0, 1, 0x248e75fa3f1f4fb6879e727a9442b530),
(0xca9e0638432746f49a5c438bdfe81630, 0, 0, 0, 0x662213d6b5764ec68b7479f614606b05),
(0xd29328d8f459488b8e2944cd65b3021e, 0, 0, 0, 0x662213d6b5764ec68b7479f614606b05),
(0xd35eec0e241744ec977619be4d84a71d, 0, 0, 1, 0xf8c32e9299e84f0b9b58658b4aef32af),
(0xd50fbda217594ceebe1a0ca90e3a45b5, 0, 0, 1, 0x662213d6b5764ec68b7479f614606b05),
(0xd837798c9f05421a9baefd62f55a40c6, 0, 0, 0, 0x6b918badd95f4fca823b0634f3bf3a22),
(0xda79996683bc4c1c81b1147202983ce8, 0, 0, 0, 0x1edcda4c04c9494e97a892144ef35e27),
(0xdce9dc6a664e447ea1aecaa95d0b3d99, 0, 0, 0, 0x248e75fa3f1f4fb6879e727a9442b530),
(0xe0b0e90ff5374c78ba24534c8af9f92c, 0, 0, 0, 0x662213d6b5764ec68b7479f614606b05),
(0xe171b00ded3744ad87c80e969ef94558, 0, 0, 0, 0x1edcda4c04c9494e97a892144ef35e27),
(0xe24d516111a94f778554e620130a24be, 0, 0, 0, 0x662213d6b5764ec68b7479f614606b05),
(0xe6a09832d7ff424699fa6122b0bdabfc, 0, 0, 0, 0x662213d6b5764ec68b7479f614606b05),
(0xee65c8e604664d11a35b7aa397ecf5e1, 0, 0, 0, 0xf8c32e9299e84f0b9b58658b4aef32af),
(0xf3fcd9f0476c42c0839ccb061bdad3a8, 0, 0, 0, 0x1edcda4c04c9494e97a892144ef35e27),
(0xfe6dece384c346f0a8b2c089a6865f35, 0, 0, 0, 0x1edcda4c04c9494e97a892144ef35e27);

-- --------------------------------------------------------

--
-- Estructura de tabla para la tabla `game_list_dice_result`
--

CREATE TABLE `game_list_dice_result` (
  `game_idgame` binary(16) NOT NULL,
  `list_dice_result_idresult` binary(16) NOT NULL
) ENGINE=InnoDB DEFAULT CHARSET=utf8;

--
-- Volcado de datos para la tabla `game_list_dice_result`
--

INSERT INTO `game_list_dice_result` (`game_idgame`, `list_dice_result_idresult`) VALUES
(0x06f35caa5f274dc6b8d9a40cf7662cdc, 0x26c27e6032fc404482e30a46e99023a2),
(0x06f35caa5f274dc6b8d9a40cf7662cdc, 0xa10b3db4a406413b901cad78f4d1266e),
(0x082a46c00bf9402ea00ec895fa091c55, 0xf6a126628d984c2b81087f181272afc6),
(0x082a46c00bf9402ea00ec895fa091c55, 0xf827e552b7264afb8b71808a4d1752ce),
(0x082c2ed0a3b9493fa6c6d83362402e41, 0x5d6c1524f11649f5aa6c026d7befecbc),
(0x082c2ed0a3b9493fa6c6d83362402e41, 0xb671c33d6b7d4d16a6676cecca6a8c8f),
(0x17ee84e9feaf453e96fbfdfbf7002bed, 0x0f180607fcaa4c3eb6416d12cbe77c8c),
(0x17ee84e9feaf453e96fbfdfbf7002bed, 0x1fe75f054e98430197bcbdd95a5a64ae),
(0x17ee84e9feaf453e96fbfdfbf7002bed, 0x67e58734fd6346718ebb4cf4253c9a52),
(0x17ee84e9feaf453e96fbfdfbf7002bed, 0x907e86d05e5d4f08bb42cf9e96c8993d),
(0x17ee84e9feaf453e96fbfdfbf7002bed, 0xcd91d6465298453f8790474844e08f08),
(0x17ee84e9feaf453e96fbfdfbf7002bed, 0xf1e742de5e0c464c99e60971729d4d08),
(0x1c61cb141d724f128a1783dffa832975, 0x5b9db663231647659fb595fe05ac686e),
(0x1c61cb141d724f128a1783dffa832975, 0x8ed61cfd1f504608adb57c30fa41c0ef),
(0x243f5e7368d54b23ac8c99497fd3c031, 0x45e12537e9384798a2d3325db11d6bb5),
(0x243f5e7368d54b23ac8c99497fd3c031, 0x47a6e52b76b940be85ccdbf60319ee89),
(0x243f5e7368d54b23ac8c99497fd3c031, 0x523a8ef3eca84aebb09529a61417e4ec),
(0x243f5e7368d54b23ac8c99497fd3c031, 0xa6813459a18344ecbe85e8066da8664c),
(0x243f5e7368d54b23ac8c99497fd3c031, 0xc5606740306b41888aeb21fc3fb1dce0),
(0x243f5e7368d54b23ac8c99497fd3c031, 0xd477a86da3a0444b964d92cbd5d50936),
(0x289385a0476d496fb1a37f3e1da1739e, 0x321607704093457a953980c9b5b0bca3),
(0x289385a0476d496fb1a37f3e1da1739e, 0x71d10a923c7440ce8e42f0ff89fbc3c0),
(0x3754e7905a13447ba7882818d93fdd02, 0x012d808efbe143f6a64514536647ac3a),
(0x3754e7905a13447ba7882818d93fdd02, 0x327a13cd7c0c45508ee3a53269110efe),
(0x3754e7905a13447ba7882818d93fdd02, 0x5e7c4ed5590e4ace9e60cc612a172302),
(0x3754e7905a13447ba7882818d93fdd02, 0x6a103ca62aec4c0eb58e60e31648c682),
(0x3754e7905a13447ba7882818d93fdd02, 0xbdb624cfe5b44e1f8fb1a222f4ccf607),
(0x3754e7905a13447ba7882818d93fdd02, 0xda709ec9249d4c438c7f5d17ce5d9444),
(0x37be3a325ccf439e850046a70f2cc5ab, 0x49c93831f7834286856bcc62d07a9e00),
(0x37be3a325ccf439e850046a70f2cc5ab, 0x627ee4e43c1e4cb982d424c7db527016),
(0x38b52db2522c4eafa4cea6c7d0604a52, 0xa1af48c4adfc408ca8f26dc00e3212b0),
(0x38b52db2522c4eafa4cea6c7d0604a52, 0xea88a0c0985844fca9be3a764ca6ad59),
(0x4147fe11be404077af43d38b721f4b92, 0x2339c63fd62e474880b3befbc891f8b4),
(0x4147fe11be404077af43d38b721f4b92, 0x53e65c9fc75b49ecb778e340d72807cd),
(0x45bf9ca33dd5460fbaa9118f0e268cea, 0x3a18969748cf4996b2839f4b3a3c1241),
(0x45bf9ca33dd5460fbaa9118f0e268cea, 0x976ef34efab045579c7f2106b59fc292),
(0x4a88273c32214295ad36f07a9fca835e, 0x4b60131e1c974f429be90b2023a89f70),
(0x4a88273c32214295ad36f07a9fca835e, 0x794bf8b818434a6991008e06b04ea676),
(0x4b8f6d67612a4bb7a7a3c956723edff8, 0x02e9503dd23c468ba325d24f3aa03ddf),
(0x4b8f6d67612a4bb7a7a3c956723edff8, 0x9ec0b18aba744ed9977100cc4099f817),
(0x4e34eb05f6cc4a598505ada6fa5e8627, 0x2945521c5f3446e9b30aaed0da4a249b),
(0x4e34eb05f6cc4a598505ada6fa5e8627, 0x3ef707e8afef4d8ba07ae820c7246521),
(0x4e34eb05f6cc4a598505ada6fa5e8627, 0x4e0b4f177ae84c9a8c55eaccb9c25f67),
(0x4e34eb05f6cc4a598505ada6fa5e8627, 0x56a9ecc409ce4afb9c5b0cbb0a7a4adb),
(0x4e34eb05f6cc4a598505ada6fa5e8627, 0x8cbe5d87bc7b4c67b628a160b19c5768),
(0x4e34eb05f6cc4a598505ada6fa5e8627, 0xd2c94761b5e34ae2aa3e01e35920ef25),
(0x4f76705567c74be7baf9e988e09e399d, 0x4667ab2a17494dd4a4510ea95ba01e94),
(0x4f76705567c74be7baf9e988e09e399d, 0xc249925fde2846b8a7152118049d481b),
(0x50de83fe16424d89ad15bc022fc638c1, 0x76ccaf8838eb4ba3bf6537a1fdb342ce),
(0x50de83fe16424d89ad15bc022fc638c1, 0x82f70e8167c843ed9c165ef0854a6780),
(0x60925ebc42cf46dd82ece00af5c70dcc, 0x7996604f6d0248beb666eb9dc96246ef),
(0x60925ebc42cf46dd82ece00af5c70dcc, 0xb2341b3e578f4959948efb86aa19c980),
(0x70b1e1a7b98b475e8f64633f263a5b5d, 0x7b97a877b8214f828f9c41d35dc453b2),
(0x70b1e1a7b98b475e8f64633f263a5b5d, 0x890fa365ad8b4e8f886b063b6c1399af),
(0x7820ba9f8da74b0fb250b126302ecaf3, 0xb17f5fc8ae9249909ce159d81730bf75),
(0x7820ba9f8da74b0fb250b126302ecaf3, 0xbe36a81083714c9d8318331500a356ff),
(0x7a280d2e73e3441f8a04c4ae4b562d97, 0x0cdfe2bdbb0e47ca993b9adab7a987c3),
(0x7a280d2e73e3441f8a04c4ae4b562d97, 0x547618c815c54051b5bcec7960e86f8c),
(0x7d5d2dd9d8c74a7b8800119d522546d8, 0x253ee7b9bb894f19a226fe18b025982e),
(0x7d5d2dd9d8c74a7b8800119d522546d8, 0xa35b1b5eaaf64a43a1dd53debe1094ca),
(0x7ea9fa9a2b7a42d6b9a07f1490e7101f, 0x5a2a2c8081be4c84b8e85dd3f267f388),
(0x7ea9fa9a2b7a42d6b9a07f1490e7101f, 0x64e10a25e3e74898aa6d637016af3ebb),
(0x82019b9f41114a82b226892f6df4c03a, 0x09d8e0d86c7c4d8ebb13e9836cda9f3b),
(0x82019b9f41114a82b226892f6df4c03a, 0x734694336116428ca8fd958c87bf7668),
(0x92aed0129b18409cbf0c4e93cc197eda, 0x78710a0ef2e84965a2d4ca8dd983c81e),
(0x92aed0129b18409cbf0c4e93cc197eda, 0xbafa6749fb594db48225b5098de59833),
(0x9ac963ce0e984cf3a3b4bfc3464ee3c6, 0xc6c50d24fe324cf994d4c68d707ba77f),
(0x9ac963ce0e984cf3a3b4bfc3464ee3c6, 0xd8cd4ce2c84546628ac0bbfba0d3157f),
(0x9b6ab729786a4f5e96957266b2c147b5, 0x4d95478ea266485e934cc53b2f4af531),
(0x9b6ab729786a4f5e96957266b2c147b5, 0xc616bc5beeeb42f691945b6b795ef7da),
(0xb2440a3e89cb48a9ae9f4179e9b9a734, 0x03666c471d284174889a08627c192ce0),
(0xb2440a3e89cb48a9ae9f4179e9b9a734, 0x5d7883ca396046649f318df704e78014),
(0xb30c501d26054cb0ba8aaf35c3836adb, 0x80f11e243c47498f94778598a42169be),
(0xb30c501d26054cb0ba8aaf35c3836adb, 0xb9f39e805cf54f07bee330262926b824),
(0xc700fc15f7164e3a973c64bb7b0649f4, 0x2999254928da4e1fbb4bcf2ac4aa1051),
(0xc700fc15f7164e3a973c64bb7b0649f4, 0xe1a9cd74bf0641b7b07ef65d12c1ed8d),
(0xc84089beccca44139cea83cfacd68a82, 0x4c75aee647034cacba18c3a8bbc35adf),
(0xc84089beccca44139cea83cfacd68a82, 0x8b278964d6584f70be5a1d7d6262765b),
(0xca9e0638432746f49a5c438bdfe81630, 0x0479c45f17334b769922575b0869ab09),
(0xca9e0638432746f49a5c438bdfe81630, 0xea1c2d3b16e54317b9882ed28299dc14),
(0xd29328d8f459488b8e2944cd65b3021e, 0xc489de7f2b204ccca14b9272b7f44821),
(0xd29328d8f459488b8e2944cd65b3021e, 0xdece86a720bc47f6aa825dc1f1018ef1),
(0xd35eec0e241744ec977619be4d84a71d, 0x3787bf98798147a59905a0d70be40176),
(0xd35eec0e241744ec977619be4d84a71d, 0xfda0fd8b184a4d7b972b36f72b2b2031),
(0xd50fbda217594ceebe1a0ca90e3a45b5, 0x4f0509f236da4eac9ef80fdb7b8fc970),
(0xd50fbda217594ceebe1a0ca90e3a45b5, 0xb30f405410d4498c837dac16fcfa898a),
(0xd837798c9f05421a9baefd62f55a40c6, 0x6383cf9daaa049fb83d6be0570c944a4),
(0xd837798c9f05421a9baefd62f55a40c6, 0xf7ca8d88816b40dea2f44aa3f1f3da6a),
(0xda79996683bc4c1c81b1147202983ce8, 0xd9bc2f4202fd4996b504f2416d33b8f5),
(0xda79996683bc4c1c81b1147202983ce8, 0xfb26217d69a9413c9bcc09a55ecc2d39),
(0xdce9dc6a664e447ea1aecaa95d0b3d99, 0x00ef24e1711e4f66a80165dc98bdfc5f),
(0xdce9dc6a664e447ea1aecaa95d0b3d99, 0x113b59781ef242a09eaac3025242cb2c),
(0xe0b0e90ff5374c78ba24534c8af9f92c, 0x737fd7b4b97142ae840e2c41fc001ba7),
(0xe0b0e90ff5374c78ba24534c8af9f92c, 0xf1a645a6bcb74688ba96b8e96ddbb30f),
(0xe171b00ded3744ad87c80e969ef94558, 0x1b8b6f6b38144fbbac8049064ad691ef),
(0xe171b00ded3744ad87c80e969ef94558, 0x2eb0e68ac0b04305bdce002e8f291a0e),
(0xe171b00ded3744ad87c80e969ef94558, 0x446d0ec70dc7456ebbb9831a7dcb5aae),
(0xe171b00ded3744ad87c80e969ef94558, 0x90704f94e9a24c3a8ebeca4e8f89f5a5),
(0xe171b00ded3744ad87c80e969ef94558, 0xaaea17f451be4dac81ffc7b559214aa4),
(0xe171b00ded3744ad87c80e969ef94558, 0xe264b0898412414e8aea3e44cfb7c00a),
(0xe24d516111a94f778554e620130a24be, 0x323cb24a48b14695983394ca777e227b),
(0xe24d516111a94f778554e620130a24be, 0xf61aa674672c4d5997692a82599b9cd9),
(0xe6a09832d7ff424699fa6122b0bdabfc, 0x33f1bc9333c74315b09f5d78fd7d047d),
(0xe6a09832d7ff424699fa6122b0bdabfc, 0xdb00ef45f6d04776abc97d0ea1a9cdab),
(0xee65c8e604664d11a35b7aa397ecf5e1, 0x17e34795c6dd4709b9b8218827c116c4),
(0xee65c8e604664d11a35b7aa397ecf5e1, 0xbbf80511d5c44b7eae5455a891bb7e50),
(0xf3fcd9f0476c42c0839ccb061bdad3a8, 0x0ac7d2add3ac4f6dab5c36b5e39a0516),
(0xf3fcd9f0476c42c0839ccb061bdad3a8, 0x185240cf8c034517b902f2e70b80e2bc),
(0xf3fcd9f0476c42c0839ccb061bdad3a8, 0x390b6f56bae940a29708b754bf739b4c),
(0xf3fcd9f0476c42c0839ccb061bdad3a8, 0xa02a21cb47e2471ca44e63ef531c4722),
(0xf3fcd9f0476c42c0839ccb061bdad3a8, 0xd1f99f66a88c4f89a800c931e3cc2cb2),
(0xf3fcd9f0476c42c0839ccb061bdad3a8, 0xf2cb02f8408d469db6767f12d572cb93),
(0xfe6dece384c346f0a8b2c089a6865f35, 0xd8e6232290a84be2b7d0ce0ce724c9f6),
(0xfe6dece384c346f0a8b2c089a6865f35, 0xfe7afc40cfd2419597ddfd4cf40e25b2);

-- --------------------------------------------------------

--
-- Estructura de tabla para la tabla `player`
--

CREATE TABLE `player` (
  `idplayer` binary(16) NOT NULL,
  `name` varchar(50) NOT NULL,
  `regdate` datetime DEFAULT NULL
) ENGINE=InnoDB DEFAULT CHARSET=utf8;

--
-- Volcado de datos para la tabla `player`
--

INSERT INTO `player` (`idplayer`, `name`, `regdate`) VALUES
(0x1edcda4c04c9494e97a892144ef35e27, 'Claudia', '2019-08-28 13:10:31'),
(0x248e75fa3f1f4fb6879e727a9442b530, 'Tirador6', '2019-08-28 09:25:03'),
(0x28877f89737c49f3a2307f94cc13aa70, 'Cloe', '2019-08-29 08:16:56'),
(0x5c137f84164e40ccb9fe0d11dd413571, 'Mary', '2019-08-29 08:16:38'),
(0x662213d6b5764ec68b7479f614606b05, 'Tirador7', '2019-08-26 14:01:30'),
(0x6b918badd95f4fca823b0634f3bf3a22, 'Tirador3', '2019-08-26 15:17:45'),
(0x9494a5330661491aa9a617c3194e3935, 'Marta', '2019-08-28 14:49:35'),
(0xb632342c0e464d8c8764dabb94fc3285, 'Tirador', '2019-08-28 08:35:21'),
(0xb656215527364559811fba66dfd3005a, 'Tiradora1', '2019-08-28 13:05:40'),
(0xb9e04239965744c3b572ad9ac8157413, 'Tiradora3', '2019-08-28 14:46:01'),
(0xe22f77ffa51c4684a1396306b5fbdd6f, 'Tirador1', '2019-08-28 14:30:39'),
(0xf8c32e9299e84f0b9b58658b4aef32af, 'Tirador2', '2019-08-26 15:02:19');

-- --------------------------------------------------------

--
-- Estructura de tabla para la tabla `player_list_game`
--

CREATE TABLE `player_list_game` (
  `player_idplayer` binary(16) NOT NULL,
  `list_game_idgame` binary(16) NOT NULL
) ENGINE=InnoDB DEFAULT CHARSET=utf8;

--
-- Volcado de datos para la tabla `player_list_game`
--

INSERT INTO `player_list_game` (`player_idplayer`, `list_game_idgame`) VALUES
(0x1edcda4c04c9494e97a892144ef35e27, 0x082c2ed0a3b9493fa6c6d83362402e41),
(0x1edcda4c04c9494e97a892144ef35e27, 0x17ee84e9feaf453e96fbfdfbf7002bed),
(0x1edcda4c04c9494e97a892144ef35e27, 0x243f5e7368d54b23ac8c99497fd3c031),
(0x1edcda4c04c9494e97a892144ef35e27, 0x3754e7905a13447ba7882818d93fdd02),
(0x1edcda4c04c9494e97a892144ef35e27, 0x4e34eb05f6cc4a598505ada6fa5e8627),
(0x1edcda4c04c9494e97a892144ef35e27, 0x4f76705567c74be7baf9e988e09e399d),
(0x1edcda4c04c9494e97a892144ef35e27, 0x82019b9f41114a82b226892f6df4c03a),
(0x1edcda4c04c9494e97a892144ef35e27, 0x9ac963ce0e984cf3a3b4bfc3464ee3c6),
(0x1edcda4c04c9494e97a892144ef35e27, 0xda79996683bc4c1c81b1147202983ce8),
(0x1edcda4c04c9494e97a892144ef35e27, 0xe171b00ded3744ad87c80e969ef94558),
(0x1edcda4c04c9494e97a892144ef35e27, 0xf3fcd9f0476c42c0839ccb061bdad3a8),
(0x1edcda4c04c9494e97a892144ef35e27, 0xfe6dece384c346f0a8b2c089a6865f35),
(0x248e75fa3f1f4fb6879e727a9442b530, 0x1c61cb141d724f128a1783dffa832975),
(0x248e75fa3f1f4fb6879e727a9442b530, 0xc84089beccca44139cea83cfacd68a82),
(0x248e75fa3f1f4fb6879e727a9442b530, 0xdce9dc6a664e447ea1aecaa95d0b3d99),
(0x662213d6b5764ec68b7479f614606b05, 0x06f35caa5f274dc6b8d9a40cf7662cdc),
(0x662213d6b5764ec68b7479f614606b05, 0x38b52db2522c4eafa4cea6c7d0604a52),
(0x662213d6b5764ec68b7479f614606b05, 0x4147fe11be404077af43d38b721f4b92),
(0x662213d6b5764ec68b7479f614606b05, 0x45bf9ca33dd5460fbaa9118f0e268cea),
(0x662213d6b5764ec68b7479f614606b05, 0x60925ebc42cf46dd82ece00af5c70dcc),
(0x662213d6b5764ec68b7479f614606b05, 0x7820ba9f8da74b0fb250b126302ecaf3),
(0x662213d6b5764ec68b7479f614606b05, 0x7ea9fa9a2b7a42d6b9a07f1490e7101f),
(0x662213d6b5764ec68b7479f614606b05, 0x9b6ab729786a4f5e96957266b2c147b5),
(0x662213d6b5764ec68b7479f614606b05, 0xb30c501d26054cb0ba8aaf35c3836adb),
(0x662213d6b5764ec68b7479f614606b05, 0xca9e0638432746f49a5c438bdfe81630),
(0x662213d6b5764ec68b7479f614606b05, 0xd29328d8f459488b8e2944cd65b3021e),
(0x662213d6b5764ec68b7479f614606b05, 0xd50fbda217594ceebe1a0ca90e3a45b5),
(0x662213d6b5764ec68b7479f614606b05, 0xe0b0e90ff5374c78ba24534c8af9f92c),
(0x662213d6b5764ec68b7479f614606b05, 0xe24d516111a94f778554e620130a24be),
(0x662213d6b5764ec68b7479f614606b05, 0xe6a09832d7ff424699fa6122b0bdabfc),
(0x6b918badd95f4fca823b0634f3bf3a22, 0x37be3a325ccf439e850046a70f2cc5ab),
(0x6b918badd95f4fca823b0634f3bf3a22, 0x4b8f6d67612a4bb7a7a3c956723edff8),
(0x6b918badd95f4fca823b0634f3bf3a22, 0x50de83fe16424d89ad15bc022fc638c1),
(0x6b918badd95f4fca823b0634f3bf3a22, 0x7a280d2e73e3441f8a04c4ae4b562d97),
(0x6b918badd95f4fca823b0634f3bf3a22, 0xb2440a3e89cb48a9ae9f4179e9b9a734),
(0x6b918badd95f4fca823b0634f3bf3a22, 0xd837798c9f05421a9baefd62f55a40c6),
(0xf8c32e9299e84f0b9b58658b4aef32af, 0x082a46c00bf9402ea00ec895fa091c55),
(0xf8c32e9299e84f0b9b58658b4aef32af, 0x289385a0476d496fb1a37f3e1da1739e),
(0xf8c32e9299e84f0b9b58658b4aef32af, 0x4a88273c32214295ad36f07a9fca835e),
(0xf8c32e9299e84f0b9b58658b4aef32af, 0x70b1e1a7b98b475e8f64633f263a5b5d),
(0xf8c32e9299e84f0b9b58658b4aef32af, 0x7d5d2dd9d8c74a7b8800119d522546d8),
(0xf8c32e9299e84f0b9b58658b4aef32af, 0x92aed0129b18409cbf0c4e93cc197eda),
(0xf8c32e9299e84f0b9b58658b4aef32af, 0xc700fc15f7164e3a973c64bb7b0649f4),
(0xf8c32e9299e84f0b9b58658b4aef32af, 0xd35eec0e241744ec977619be4d84a71d),
(0xf8c32e9299e84f0b9b58658b4aef32af, 0xee65c8e604664d11a35b7aa397ecf5e1);

--
-- Índices para tablas volcadas
--

--
-- Indices de la tabla `diceresult`
--
ALTER TABLE `diceresult`
  ADD PRIMARY KEY (`idresult`),
  ADD KEY `FKkfse3f8k7k60y2a6g7kbrxvgm` (`idgame`);

--
-- Indices de la tabla `game`
--
ALTER TABLE `game`
  ADD PRIMARY KEY (`idgame`),
  ADD KEY `FKhqwbmdkqv8d0fviawt8yav5bp` (`idplayer`);

--
-- Indices de la tabla `game_list_dice_result`
--
ALTER TABLE `game_list_dice_result`
  ADD UNIQUE KEY `UK_n56fjtoc635u0bo9qj1ylgabq` (`list_dice_result_idresult`),
  ADD KEY `FKf863wp0xv5n8uxxrvqhn7g57a` (`game_idgame`);

--
-- Indices de la tabla `player`
--
ALTER TABLE `player`
  ADD PRIMARY KEY (`idplayer`);

--
-- Indices de la tabla `player_list_game`
--
ALTER TABLE `player_list_game`
  ADD UNIQUE KEY `UK_q0h4gp0w1ticaomkjfeio0p3v` (`list_game_idgame`),
  ADD KEY `FK1w30s45jtun7ubxt8o3uj6bhg` (`player_idplayer`);

--
-- Restricciones para tablas volcadas
--

--
-- Filtros para la tabla `diceresult`
--
ALTER TABLE `diceresult`
  ADD CONSTRAINT `FKkfse3f8k7k60y2a6g7kbrxvgm` FOREIGN KEY (`idgame`) REFERENCES `game` (`idgame`);

--
-- Filtros para la tabla `game`
--
ALTER TABLE `game`
  ADD CONSTRAINT `FKhqwbmdkqv8d0fviawt8yav5bp` FOREIGN KEY (`idplayer`) REFERENCES `player` (`idplayer`);

--
-- Filtros para la tabla `game_list_dice_result`
--
ALTER TABLE `game_list_dice_result`
  ADD CONSTRAINT `FKaeujd94jt272xp2l7ms9q7gok` FOREIGN KEY (`list_dice_result_idresult`) REFERENCES `diceresult` (`idresult`),
  ADD CONSTRAINT `FKf863wp0xv5n8uxxrvqhn7g57a` FOREIGN KEY (`game_idgame`) REFERENCES `game` (`idgame`);

--
-- Filtros para la tabla `player_list_game`
--
ALTER TABLE `player_list_game`
  ADD CONSTRAINT `FK1w30s45jtun7ubxt8o3uj6bhg` FOREIGN KEY (`player_idplayer`) REFERENCES `player` (`idplayer`),
  ADD CONSTRAINT `FKibrs51ublgy65m6w9n75slva1` FOREIGN KEY (`list_game_idgame`) REFERENCES `game` (`idgame`);
COMMIT;

/*!40101 SET CHARACTER_SET_CLIENT=@OLD_CHARACTER_SET_CLIENT */;
/*!40101 SET CHARACTER_SET_RESULTS=@OLD_CHARACTER_SET_RESULTS */;
/*!40101 SET COLLATION_CONNECTION=@OLD_COLLATION_CONNECTION */;
